INSERT INTO "USER_ROLE" (USER_ROLE_ID, ROLE_NAME) VALUES ('1', 'admin');
INSERT INTO "USER_ROLE" (USER_ROLE_ID, ROLE_NAME) VALUES ('2', 'user');

INSERT INTO "USERS" (USER_ID, USERNAME, PASSWORD, FIRST_NAME, LAST_NAME, USER_ROLE_ID, DATE_REGISTERED, EMAIL, PHONE) VALUES ('1', 'John123', 'abcdefgh', 'John', 'Martinson', '2', TO_DATE('2016-12-16 10:34:47', 'YYYY-MM-DD HH24:MI:SS'), 'john@csc.com', '0888112233');
INSERT INTO "USERS" (USER_ID, USERNAME, PASSWORD, FIRST_NAME, LAST_NAME, USER_ROLE_ID, DATE_REGISTERED, EMAIL) VALUES ('2', 'mpetersen5', '12345678', 'Martin', 'Peterson', '1', TO_DATE('2016-12-01 10:36:02', 'YYYY-MM-DD HH24:MI:SS'), 'martin@csc.com');
INSERT INTO "USERS" (USER_ID, USERNAME, PASSWORD, FIRST_NAME, LAST_NAME, USER_ROLE_ID, DATE_REGISTERED, EMAIL) VALUES ('3', 'pete_jackson', 'thirdman', 'Peter', 'Jackson', '1', TO_DATE('2016-12-15 10:38:22', 'YYYY-MM-DD HH24:MI:SS'), 'peter@csc.com');
INSERT INTO "USERS" (USER_ID, USERNAME, PASSWORD, FIRST_NAME, LAST_NAME, USER_ROLE_ID, DATE_REGISTERED, EMAIL) VALUES ('4', 'j_johnson', 'password', 'Jack', 'Johnson', '1', TO_DATE('2016-12-13 10:39:16', 'YYYY-MM-DD HH24:MI:SS'), 'jack@csc.com');

INSERT INTO "CATEGORY" (CATEGORY_ID, NAME) VALUES ('1', 'Fiction');
INSERT INTO "CATEGORY" (CATEGORY_ID, NAME) VALUES ('2', 'Drama');
INSERT INTO "CATEGORY" (CATEGORY_ID, NAME) VALUES ('3', 'Fantasy');
INSERT INTO "CATEGORY" (CATEGORY_ID, NAME) VALUES ('4', 'Comedy');

INSERT INTO "LANGUAGE" (LANGUAGE_ID, LANGUAGE_NAME) VALUES ('1', 'English');
INSERT INTO "LANGUAGE" (LANGUAGE_ID, LANGUAGE_NAME) VALUES ('2', 'Bulgarian');
INSERT INTO "LANGUAGE" (LANGUAGE_ID, LANGUAGE_NAME) VALUES ('3', 'German');
INSERT INTO "LANGUAGE" (LANGUAGE_ID, LANGUAGE_NAME) VALUES ('4', 'Russian');
INSERT INTO "LANGUAGE" (LANGUAGE_ID, LANGUAGE_NAME) VALUES ('5', 'Spanish');
INSERT INTO "LANGUAGE" (LANGUAGE_ID, LANGUAGE_NAME) VALUES ('6', 'French');

INSERT INTO "PUBLISHER" (PUBLISHER_ID, NAME) VALUES ('1', 'Pearson PLC ');
INSERT INTO "PUBLISHER" (PUBLISHER_ID, NAME) VALUES ('2', 'Reed Elsevier PLC');
INSERT INTO "PUBLISHER" (PUBLISHER_ID, NAME) VALUES ('3', 'Phoenix Publishing and Media Company');
INSERT INTO "PUBLISHER" (PUBLISHER_ID, NAME) VALUES ('4', 'Apollo Global Management LLC');
INSERT INTO "PUBLISHER" (PUBLISHER_ID, NAME) VALUES ('5', 'Random House');
INSERT INTO "PUBLISHER" (PUBLISHER_ID, NAME) VALUES ('6', 'Scholastic');
INSERT INTO "PUBLISHER" (PUBLISHER_ID, NAME) VALUES ('7', 'Grupo Planeta');
INSERT INTO "PUBLISHER" (PUBLISHER_ID, NAME) VALUES ('8', 'Informa plc');
INSERT INTO "PUBLISHER" (PUBLISHER_ID, NAME) VALUES ('9', 'Cornelsen');

INSERT INTO "REJECT_REASON" (REJECT_REASON_ID, TEXT) VALUES ('1', 'Priority for borrowing not high enough.');
INSERT INTO "REJECT_REASON" (REJECT_REASON_ID, TEXT) VALUES ('2', 'Copies count requested is higher than current copies available.');
INSERT INTO "REJECT_REASON" (REJECT_REASON_ID, TEXT) VALUES ('3', 'Book is not available in the database.');
INSERT INTO "REJECT_REASON" (REJECT_REASON_ID, TEXT) VALUES ('4', 'The System does not really like you enough.');
INSERT INTO "REJECT_REASON" (REJECT_REASON_ID, TEXT) VALUES ('5', 'No connection to the database.');

INSERT INTO "AUTHOR" (AUTHOR_ID, NAME, NATIONALITY) VALUES ('1', 'Astrid Lindgren', 'Swedish');
INSERT INTO "AUTHOR" (AUTHOR_ID, NAME, NICKNAME) VALUES ('2', 'Erich Gamma', 'Gamma');
INSERT INTO "AUTHOR" (AUTHOR_ID, NAME) VALUES ('3', 'Brain Kernighan');
INSERT INTO "AUTHOR" (AUTHOR_ID, NAME, NATIONALITY, NICKNAME) VALUES ('4', 'Thomas Cormen', 'American', 'T.Cormen');

INSERT INTO "TYPES" (TYPE_ID, TYPE_NAME) VALUES (1,'PERSONAL USE');
INSERT INTO "TYPES" (TYPE_ID, TYPE_NAME) VALUES (2,'PROJECT USE');
INSERT INTO "TYPES" (TYPE_ID, TYPE_NAME) VALUES (3, 'SUGGESTION');
INSERT INTO "TYPES" (TYPE_ID, TYPE_NAME) VALUES (4, 'EXTRA COPY SUGGESTION');

INSERT INTO "MESSAGE" (MESSAGE_ID, TO_USER_ID, MESSAGE_DATE, MESSAGE_TEXT, READ_DATE, FROM_USER_ID) VALUES ('1', '1', TO_DATE('2016-01-03 10:48:17', 'YYYY-MM-DD HH24:MI:SS'), 'Service denied.', TO_DATE('2016-01-08 10:51:18', 'YYYY-MM-DD HH24:MI:SS'), '2');
INSERT INTO "MESSAGE" (MESSAGE_ID, TO_USER_ID, MESSAGE_DATE, MESSAGE_TEXT, FROM_USER_ID) VALUES ('2', '1', TO_DATE('2016-01-05 10:51:42', 'YYYY-MM-DD HH24:MI:SS'), 'Your request has been accepted.', '2');
INSERT INTO "MESSAGE" (MESSAGE_ID, TO_USER_ID, MESSAGE_DATE, MESSAGE_TEXT, READ_DATE, FROM_USER_ID) VALUES ('3', '3', TO_DATE('2016-03-22 10:52:27', 'YYYY-MM-DD HH24:MI:SS'), 'Recommended: 50 cent - candy shop', TO_DATE('2016-05-10 10:52:50', 'YYYY-MM-DD HH24:MI:SS'), '2');
INSERT INTO "MESSAGE" (MESSAGE_ID, TO_USER_ID, MESSAGE_DATE, MESSAGE_TEXT, READ_DATE, FROM_USER_ID) VALUES ('4', '4', TO_DATE('2016-08-28 10:53:42', 'YYYY-MM-DD HH24:MI:SS'), 'Go get some food.', TO_DATE('2016-08-31 10:53:56', 'YYYY-MM-DD HH24:MI:SS'), '2');
INSERT INTO "MESSAGE" (MESSAGE_ID, TO_USER_ID, MESSAGE_DATE, MESSAGE_TEXT, READ_DATE, FROM_USER_ID) VALUES ('5', '4', TO_DATE('2016-12-04 10:54:15', 'YYYY-MM-DD HH24:MI:SS'), 'This is the latest message.', TO_DATE('2016-12-14 10:54:27', 'YYYY-MM-DD HH24:MI:SS'), '2');
INSERT INTO "MESSAGE" (MESSAGE_ID, TO_USER_ID, MESSAGE_DATE, MESSAGE_TEXT, FROM_USER_ID) VALUES ('6', '1', TO_DATE('2016-12-20 10:56:28', 'YYYY-MM-DD HH24:MI:SS'), 'Final message (3rd to user 1)', '2');

INSERT INTO "KEYWORDS" (KEYWORDS_ID,KEYWORD) VALUES (1,'programming');
INSERT INTO "KEYWORDS" (KEYWORDS_ID,KEYWORD) VALUES (2,'java');
INSERT INTO "KEYWORDS" (KEYWORDS_ID,KEYWORD) VALUES (3,'code');
INSERT INTO "KEYWORDS" (KEYWORDS_ID,KEYWORD) VALUES (4,'c++');
INSERT INTO "KEYWORDS" (KEYWORDS_ID,KEYWORD) VALUES (5,'design');
INSERT INTO "KEYWORDS" (KEYWORDS_ID,KEYWORD) VALUES (6,'data');
INSERT INTO "KEYWORDS" (KEYWORDS_ID,KEYWORD) VALUES (7,'sql');
INSERT INTO "KEYWORDS" (KEYWORDS_ID,KEYWORD) VALUES (8,'database');
INSERT INTO "KEYWORDS" (KEYWORDS_ID,KEYWORD) VALUES (9,'html');
INSERT INTO "KEYWORDS" (KEYWORDS_ID,KEYWORD) VALUES (10,'css');

INSERT INTO "BOOK" (BOOK_ID, PUBLISHER_ID, YEAR_PUBLISHED, NAME, CATEGORY_ID, LANGUAGE_ID, REGISTERED_BY, NUMBER_OF_COPIES, EDITION, ISBN) VALUES ('1', '9', '2004', 'Effective Java', '1', '1', '1', '42', '1', '99921-58-10-7');
INSERT INTO "BOOK" (BOOK_ID, PUBLISHER_ID, YEAR_PUBLISHED, NAME, CATEGORY_ID, LANGUAGE_ID, REGISTERED_BY, NUMBER_OF_COPIES, EDITION, ISBN) VALUES ('2', '3', '2002', 'Java Generics and Collections', '1', '1', '2', '42', '1', '9971-5-0210-0');
INSERT INTO "BOOK" (BOOK_ID, PUBLISHER_ID, YEAR_PUBLISHED, NAME, CATEGORY_ID, LANGUAGE_ID, REGISTERED_BY, NUMBER_OF_COPIES, EDITION, ISBN) VALUES ('3', '4', '1993', 'Java Performance', '3', '1', '3', '42', '1', '960-425-059-0');
INSERT INTO "BOOK" (BOOK_ID, PUBLISHER_ID, YEAR_PUBLISHED, NAME, CATEGORY_ID, LANGUAGE_ID, REGISTERED_BY, NUMBER_OF_COPIES, EDITION, ISBN) VALUES ('4', '7', '2016', 'Java Puzzlers', '2', '1', '4', '42', '1', '80-902734-1-6');
INSERT INTO "BOOK" (BOOK_ID, PUBLISHER_ID, YEAR_PUBLISHED, NAME, CATEGORY_ID, LANGUAGE_ID, REGISTERED_BY, NUMBER_OF_COPIES, EDITION, ISBN) VALUES ('5', '6', '2016', 'Core Java', '1', '1', '3', '42', '1', '85-359-0277-5');
INSERT INTO "BOOK" (BOOK_ID, PUBLISHER_ID, YEAR_PUBLISHED, NAME, CATEGORY_ID, LANGUAGE_ID, REGISTERED_BY, NUMBER_OF_COPIES, EDITION, ISBN) VALUES ('6', '2', '2015', 'Head First Java', '1', '1', '1', '42', '1', '0-8044-2957-X');
INSERT INTO "BOOK" (BOOK_ID, PUBLISHER_ID, YEAR_PUBLISHED, NAME, CATEGORY_ID, LANGUAGE_ID, REGISTERED_BY, NUMBER_OF_COPIES, EDITION, ISBN) VALUES ('7', '2', '2015', 'Thinking in Java', '1', '1', '1', '0', '1', '2342-234F-234');

INSERT INTO "KEYWORDS_BOOK" (KEYWORD_BOOK_ID, BOOK_ID, KEYWORDS_ID) VALUES ('1', '1', '2');
INSERT INTO "KEYWORDS_BOOK" (KEYWORD_BOOK_ID, BOOK_ID, KEYWORDS_ID) VALUES ('2', '2', '3');
INSERT INTO "KEYWORDS_BOOK" (KEYWORD_BOOK_ID, BOOK_ID, KEYWORDS_ID) VALUES ('3', '2', '4');
INSERT INTO "KEYWORDS_BOOK" (KEYWORD_BOOK_ID, BOOK_ID, KEYWORDS_ID) VALUES ('4', '3', '1');

INSERT INTO "COMMENTS" (COMMENT_ID, USER_ID, COMMENT_DATE, BOOK_ID, CONTENT) VALUES ('1', '2', TO_DATE('2016-12-17 11:04:10', 'YYYY-MM-DD HH24:MI:SS'), '1', 'Great book!');
INSERT INTO "COMMENTS" (COMMENT_ID, USER_ID, COMMENT_DATE, BOOK_ID, CONTENT) VALUES ('2', '1', TO_DATE('2016-12-15 11:05:12', 'YYYY-MM-DD HH24:MI:SS'), '2', 'The best book I''ve read!');
INSERT INTO "COMMENTS" (COMMENT_ID, PARENT_ID, USER_ID, COMMENT_DATE, BOOK_ID, CONTENT) VALUES ('3', '1', '3', TO_DATE('2016-12-18 11:06:16', 'YYYY-MM-DD HH24:MI:SS'), '1', 'Good');
INSERT INTO "COMMENTS" (COMMENT_ID, USER_ID, COMMENT_DATE, BOOK_ID, CONTENT) VALUES ('4', '2', TO_DATE('2016-12-21 11:07:27', 'YYYY-MM-DD HH24:MI:SS'), '2', 'awesome');
INSERT INTO "COMMENTS" (COMMENT_ID, PARENT_ID, USER_ID, COMMENT_DATE, BOOK_ID, CONTENT) VALUES ('5', '1', '4', TO_DATE('2016-12-20 13:10:05', 'YYYY-MM-DD HH24:MI:SS'), '1', 'Perfect !');
INSERT INTO "COMMENTS" (COMMENT_ID, USER_ID, COMMENT_DATE, BOOK_ID, CONTENT) VALUES ('6', '4', TO_DATE('2016-12-20 13:10:05', 'YYYY-MM-DD HH24:MI:SS'), '4', 'This book is the worst!');

INSERT INTO "BOOK_COPY" (BOOK_COPY_ID, DATE_ADDED, TAKEN, BOOK_ID, DATE_REMOVED, USER_ID) VALUES ('1', TO_DATE('2016-12-14 11:03:56', 'YYYY-MM-DD HH24:MI:SS'), '0', '2', TO_DATE('2016-12-15 11:04:23', 'YYYY-MM-DD HH24:MI:SS'), '2');
INSERT INTO "BOOK_COPY" (BOOK_COPY_ID, DATE_ADDED, TAKEN, BOOK_ID, USER_ID) VALUES ('2', TO_DATE('2016-12-05 11:06:35', 'YYYY-MM-DD HH24:MI:SS'), '1', '3', '2');
INSERT INTO "BOOK_COPY" (BOOK_COPY_ID, DATE_ADDED, TAKEN, BOOK_ID, DATE_REMOVED, USER_ID) VALUES ('3', TO_DATE('2016-12-08 11:06:47', 'YYYY-MM-DD HH24:MI:SS'), '1', '1', TO_DATE('2016-12-13 11:07:17', 'YYYY-MM-DD HH24:MI:SS'), '2');
INSERT INTO "BOOK_COPY" (BOOK_COPY_ID, DATE_ADDED, TAKEN, BOOK_ID, USER_ID) VALUES ('4', TO_DATE('2016-12-10 11:06:51', 'YYYY-MM-DD HH24:MI:SS'), '0', '4', '2');
INSERT INTO "BOOK_COPY" (BOOK_COPY_ID, DATE_ADDED, TAKEN, BOOK_ID, USER_ID) VALUES ('5', TO_DATE('2017-01-03 08:37:08', 'YYYY-MM-DD HH24:MI:SS'), '0', '6', '2');
INSERT INTO "BOOK_COPY" (BOOK_COPY_ID, DATE_ADDED, TAKEN, BOOK_ID, USER_ID) VALUES ('6', TO_DATE('2017-01-03 08:37:24', 'YYYY-MM-DD HH24:MI:SS'), '0', '6', '2');
INSERT INTO "BOOK_COPY" (BOOK_COPY_ID, DATE_ADDED, TAKEN, BOOK_ID, USER_ID) VALUES ('7', TO_DATE('2018-01-11 08:39:32', 'YYYY-MM-DD HH24:MI:SS'), '0', '5', '2');


INSERT INTO "AUTHOR_BOOK" (AUTHOR_ID, BOOK_ID) VALUES ('1', '2');
INSERT INTO "AUTHOR_BOOK" (AUTHOR_ID, BOOK_ID) VALUES ('1', '4');
INSERT INTO "AUTHOR_BOOK" (AUTHOR_ID, BOOK_ID) VALUES ('4', '3');
INSERT INTO "AUTHOR_BOOK" (AUTHOR_ID, BOOK_ID) VALUES ('3', '2');
INSERT INTO "AUTHOR_BOOK" (AUTHOR_ID, BOOK_ID) VALUES ('2', '1');
INSERT INTO "AUTHOR_BOOK" (AUTHOR_ID, BOOK_ID) VALUES ('2', '5');
INSERT INTO "AUTHOR_BOOK" (AUTHOR_ID, BOOK_ID) VALUES ('3', '6');
INSERT INTO "AUTHOR_BOOK" (AUTHOR_ID, BOOK_ID) VALUES ('4', '6');


INSERT INTO "REQUEST" (REQUEST_ID, USER_ID, BOOK_ID, TYPE_ID, DATE_MADE, ADMIN_ID, REQUEST_COMMENT, REJECT_REASON_ID) VALUES ('1', '1', '1', '1', TO_DATE('2016-12-01 11:13:26', 'YYYY-MM-DD HH24:MI:SS'), '2', 'Need this book', '1');
INSERT INTO "REQUEST" (REQUEST_ID, USER_ID, BOOK_ID, TYPE_ID, DATE_MADE) VALUES ('2', '1', '2', '1', TO_DATE('2016-12-07 11:13:33', 'YYYY-MM-DD HH24:MI:SS'));
INSERT INTO "REQUEST" (REQUEST_ID, USER_ID, BOOK_ID, TYPE_ID, DATE_MADE) VALUES ('3', '3', '3', '1', TO_DATE('2016-12-16 11:13:41', 'YYYY-MM-DD HH24:MI:SS'));
INSERT INTO "REQUEST" (REQUEST_ID, USER_ID, BOOK_ID, TYPE_ID, DATE_MADE, REQUEST_COMMENT) VALUES ('5', '4', '4', '1', TO_DATE('2012-12-26 11:14:12', 'YYYY-MM-DD HH24:MI:SS'), 'Nice book');
INSERT INTO "REQUEST" (REQUEST_ID, USER_ID, BOOK_ID, TYPE_ID, DATE_MADE, ADMIN_ID, REJECT_REASON_ID) VALUES ('7', '4', '2', '2', TO_DATE('2016-12-21 11:14:30', 'YYYY-MM-DD HH24:MI:SS'), '2', '3');
INSERT INTO "REQUEST" (REQUEST_ID, USER_ID, BOOK_ID, TYPE_ID, DATE_MADE, ADMIN_ID, REJECT_REASON_ID) VALUES ('8', '4', '3', '2', TO_DATE('2016-12-07 11:14:35', 'YYYY-MM-DD HH24:MI:SS'), '2', '3');
INSERT INTO "REQUEST" (REQUEST_ID, USER_ID, BOOK_ID, TYPE_ID, DATE_MADE, REQUEST_COMMENT) VALUES ('15', '1', '4', '2', TO_DATE('2016-09-15 12:00:08', 'YYYY-MM-DD HH24:MI:SS'), 'Want this book');
INSERT INTO "REQUEST" (REQUEST_ID, USER_ID, BOOK_ID, TYPE_ID, DATE_MADE, REQUEST_COMMENT) VALUES ('10', '1', '5', '3', TO_DATE('2016-12-07 12:12:55', 'YYYY-MM-DD HH24:MI:SS'), 'Nice book');
INSERT INTO "REQUEST" (REQUEST_ID, USER_ID, BOOK_ID, TYPE_ID, DATE_MADE, REQUEST_COMMENT) VALUES ('11', '3', '5', '3', TO_DATE('2016-10-14 12:13:06', 'YYYY-MM-DD HH24:MI:SS'), 'Really should add it');
INSERT INTO "REQUEST" (REQUEST_ID, USER_ID, BOOK_ID, TYPE_ID, DATE_MADE, REQUEST_COMMENT) VALUES ('12', '4', '6', '3', TO_DATE('2016-11-22 12:13:15', 'YYYY-MM-DD HH24:MI:SS'), 'Great read, definitely add');
INSERT INTO "REQUEST" (REQUEST_ID, USER_ID, BOOK_ID, TYPE_ID, DATE_MADE, ADMIN_ID, DATE_ANSWERED) VALUES ('13', '1', '1', '1', TO_DATE('2016-12-16 13:57:28', 'YYYY-MM-DD HH24:MI:SS'), '2', TO_DATE('2016-12-16 13:57:48', 'YYYY-MM-DD HH24:MI:SS'));
INSERT INTO "REQUEST" (REQUEST_ID, USER_ID, BOOK_ID, TYPE_ID, DATE_MADE, ADMIN_ID, DATE_ANSWERED) VALUES ('14', '3', '2', '2', TO_DATE('2016-12-17 13:58:21', 'YYYY-MM-DD HH24:MI:SS'), '2', TO_DATE('2016-12-17 13:58:31', 'YYYY-MM-DD HH24:MI:SS'));
INSERT INTO "REQUEST" (REQUEST_ID, USER_ID, BOOK_ID, TYPE_ID, DATE_MADE, REQUEST_COMMENT) VALUES ('16', '3', '6', '1', TO_DATE('2016-11-18 08:54:50', 'YYYY-MM-DD HH24:MI:SS'), 'Want this book');

INSERT INTO "BORROW" (BORROW_ID, BOOK_COPY_ID, DATE_TAKEN, FINAL_DATE) VALUES ('2', '1', TO_DATE('2016-12-04 11:35:10', 'YYYY-MM-DD HH24:MI:SS'), TO_DATE('2016-12-31 11:35:38', 'YYYY-MM-DD HH24:MI:SS'));
INSERT INTO "BORROW" (BORROW_ID, BOOK_COPY_ID, FINAL_DATE) VALUES ('3', '2', TO_DATE('2016-12-31 11:35:33', 'YYYY-MM-DD HH24:MI:SS'));
INSERT INTO "BORROW" (BORROW_ID, BOOK_COPY_ID, DATE_TAKEN, DATE_RETURNED, FINAL_DATE, ADMIN_RETURN_ID) VALUES ('5', '3', TO_DATE('2016-12-07 11:35:16', 'YYYY-MM-DD HH24:MI:SS'), TO_DATE('2016-12-31 11:35:25', 'YYYY-MM-DD HH24:MI:SS'), TO_DATE('2016-12-31 11:35:30', 'YYYY-MM-DD HH24:MI:SS'), '2');
INSERT INTO "BORROW" (BORROW_ID, BOOK_COPY_ID, DATE_TAKEN, DATE_RETURNED, FINAL_DATE, ADMIN_RETURN_ID) VALUES ('13', '1', TO_DATE('2016-12-16 14:02:26', 'YYYY-MM-DD HH24:MI:SS'), TO_DATE('2016-12-22 14:02:34', 'YYYY-MM-DD HH24:MI:SS'), TO_DATE('2016-12-17 14:02:39', 'YYYY-MM-DD HH24:MI:SS'), '2');
INSERT INTO "BORROW" (BORROW_ID, BOOK_COPY_ID, DATE_TAKEN, FINAL_DATE) VALUES ('14', '2', TO_DATE('2016-12-14 14:03:11', 'YYYY-MM-DD HH24:MI:SS'), TO_DATE('2016-12-15 14:03:23', 'YYYY-MM-DD HH24:MI:SS'));

UPDATE "REQUEST" SET DATE_MADE = TO_DATE('2016-12-02 11:13:33', 'YYYY-MM-DD HH24:MI:SS'), ADMIN_ID = '2', DATE_ANSWERED = TO_DATE('2016-12-03 11:53:18', 'YYYY-MM-DD HH24:MI:SS') WHERE REQUEST_ID=2;
UPDATE "REQUEST" SET ADMIN_ID = '2', DATE_ANSWERED = TO_DATE('2016-12-18 11:55:29', 'YYYY-MM-DD HH24:MI:SS') WHERE REQUEST_ID=3;
UPDATE "REQUEST" SET DATE_MADE = TO_DATE('2012-12-05 11:14:12', 'YYYY-MM-DD HH24:MI:SS'), ADMIN_ID = '2', DATE_ANSWERED = TO_DATE('2016-12-06 11:56:07', 'YYYY-MM-DD HH24:MI:SS') WHERE REQUEST_ID=5;
UPDATE "REQUEST" SET DATE_ANSWERED = TO_DATE('2016-12-02 11:58:06', 'YYYY-MM-DD HH24:MI:SS') WHERE REQUEST_ID=1;
UPDATE "REQUEST" SET DATE_ANSWERED = TO_DATE('2016-12-22 11:58:17', 'YYYY-MM-DD HH24:MI:SS') WHERE REQUEST_ID=7;
UPDATE "REQUEST" SET DATE_ANSWERED = TO_DATE('2016-12-07 11:58:23', 'YYYY-MM-DD HH24:MI:SS') WHERE REQUEST_ID=8;

COMMIT;